[{"model": "admin.logentry", "pk": 1, "fields": {"action_time": "2025-02-11T19:28:56.992Z", "user": 1, "content_type": 7, "object_id": "1", "object_repr": "shubhamkumar283082@gmail.com", "action_flag": 1, "change_message": "[{\"added\": {}}]"}}, {"model": "admin.logentry", "pk": 2, "fields": {"action_time": "2025-02-11T19:31:33.745Z", "user": 1, "content_type": 7, "object_id": "1", "object_repr": "shubhamkumar283082@gmail.com", "action_flag": 2, "change_message": "[{\"changed\": {\"fields\": [\"Profile picture\", \"Cover photo\"]}}]"}}, {"model": "admin.logentry", "pk": 3, "fields": {"action_time": "2025-02-11T19:39:37.834Z", "user": 1, "content_type": 7, "object_id": "1", "object_repr": "shubhamkumar283082@gmail.com", "action_flag": 2, "change_message": "[{\"changed\": {\"fields\": [\"Profile picture\", \"Cover photo\"]}}]"}}, {"model": "admin.logentry", "pk": 4, "fields": {"action_time": "2025-02-11T19:50:48.944Z", "user": 1, "content_type": 6, "object_id": "2", "object_repr": "", "action_flag": 1, "change_message": "[{\"added\": {}}]"}}, {"model": "admin.logentry", "pk": 5, "fields": {"action_time": "2025-02-11T19:52:26.202Z", "user": 1, "content_type": 6, "object_id": "2", "object_repr": "", "action_flag": 3, "change_message": ""}}, {"model": "admin.logentry", "pk": 6, "fields": {"action_time": "2025-02-11T19:52:45.396Z", "user": 1, "content_type": 6, "object_id": "3", "object_repr": "", "action_flag": 1, "change_message": "[{\"added\": {}}]"}}, {"model": "admin.logentry", "pk": 7, "fields": {"action_time": "2025-02-11T19:54:23.512Z", "user": 1, "content_type": 6, "object_id": "3", "object_repr": "test@gmail.com", "action_flag": 2, "change_message": "[{\"changed\": {\"fields\": [\"First name\", \"Last name\", \"Email\"]}}]"}}, {"model": "admin.logentry", "pk": 8, "fields": {"action_time": "2025-02-11T19:55:25.146Z", "user": 1, "content_type": 6, "object_id": "3", "object_repr": "test@gmail.com", "action_flag": 2, "change_message": "[{\"changed\": {\"fields\": [\"Username\"]}}]"}}, {"model": "admin.logentry", "pk": 9, "fields": {"action_time": "2025-02-12T07:35:25.751Z", "user": 1, "content_type": 6, "object_id": "4", "object_repr": "", "action_flag": 1, "change_message": "[{\"added\": {}}]"}}, {"model": "admin.logentry", "pk": 10, "fields": {"action_time": "2025-02-12T07:36:21.259Z", "user": 1, "content_type": 6, "object_id": "4", "object_repr": "gdjhg@gmail.com", "action_flag": 2, "change_message": "[{\"changed\": {\"fields\": [\"First name\", \"Last name\", \"Email\"]}}]"}}, {"model": "admin.logentry", "pk": 11, "fields": {"action_time": "2025-02-12T07:40:14.083Z", "user": 1, "content_type": 6, "object_id": "5", "object_repr": "", "action_flag": 1, "change_message": "[{\"added\": {}}]"}}, {"model": "admin.logentry", "pk": 12, "fields": {"action_time": "2025-02-12T07:40:51.784Z", "user": 1, "content_type": 6, "object_id": "5", "object_repr": "dxbfdb@gmail.com", "action_flag": 2, "change_message": "[{\"changed\": {\"fields\": [\"First name\", \"Last name\", \"Email\"]}}]"}}, {"model": "admin.logentry", "pk": 13, "fields": {"action_time": "2025-02-12T07:52:52.682Z", "user": 1, "content_type": 7, "object_id": "5", "object_repr": "dxbfdb@gmail.com", "action_flag": 2, "change_message": "[]"}}, {"model": "admin.logentry", "pk": 14, "fields": {"action_time": "2025-02-14T11:56:32.843Z", "user": 1, "content_type": 6, "object_id": "16", "object_repr": "naya@gmail.com", "action_flag": 3, "change_message": ""}}, {"model": "admin.logentry", "pk": 15, "fields": {"action_time": "2025-02-14T11:56:32.843Z", "user": 1, "content_type": 6, "object_id": "15", "object_repr": "Kuch@gmail.com", "action_flag": 3, "change_message": ""}}, {"model": "admin.logentry", "pk": 16, "fields": {"action_time": "2025-02-14T11:56:32.844Z", "user": 1, "content_type": 6, "object_id": "14", "object_repr": "fvd@gmail.com", "action_flag": 3, "change_message": ""}}, {"model": "admin.logentry", "pk": 17, "fields": {"action_time": "2025-02-14T11:56:32.844Z", "user": 1, "content_type": 6, "object_id": "13", "object_repr": "vmxf@gmaill.com", "action_flag": 3, "change_message": ""}}, {"model": "admin.logentry", "pk": 18, "fields": {"action_time": "2025-02-14T11:56:32.844Z", "user": 1, "content_type": 6, "object_id": "12", "object_repr": "vbcv@gmail.com", "action_flag": 3, "change_message": ""}}, {"model": "admin.logentry", "pk": 19, "fields": {"action_time": "2025-02-14T11:56:32.844Z", "user": 1, "content_type": 6, "object_id": "11", "object_repr": "gbcg@gmal.com", "action_flag": 3, "change_message": ""}}, {"model": "admin.logentry", "pk": 20, "fields": {"action_time": "2025-02-14T11:56:32.844Z", "user": 1, "content_type": 6, "object_id": "10", "object_repr": "xyz@gmail.com", "action_flag": 3, "change_message": ""}}, {"model": "admin.logentry", "pk": 21, "fields": {"action_time": "2025-02-14T11:56:32.844Z", "user": 1, "content_type": 6, "object_id": "9", "object_repr": "dgfg@gmail.com", "action_flag": 3, "change_message": ""}}, {"model": "admin.logentry", "pk": 22, "fields": {"action_time": "2025-02-14T11:56:32.844Z", "user": 1, "content_type": 6, "object_id": "8", "object_repr": "vcx@gmail.com", "action_flag": 3, "change_message": ""}}, {"model": "admin.logentry", "pk": 23, "fields": {"action_time": "2025-02-14T11:56:32.844Z", "user": 1, "content_type": 6, "object_id": "7", "object_repr": "John@gmail.com", "action_flag": 3, "change_message": ""}}, {"model": "admin.logentry", "pk": 24, "fields": {"action_time": "2025-02-14T11:56:32.844Z", "user": 1, "content_type": 6, "object_id": "6", "object_repr": "d@gmail.com", "action_flag": 3, "change_message": ""}}, {"model": "admin.logentry", "pk": 25, "fields": {"action_time": "2025-02-14T11:56:32.844Z", "user": 1, "content_type": 6, "object_id": "5", "object_repr": "dxbfdb@gmail.com", "action_flag": 3, "change_message": ""}}, {"model": "admin.logentry", "pk": 26, "fields": {"action_time": "2025-02-14T11:56:32.844Z", "user": 1, "content_type": 6, "object_id": "4", "object_repr": "gdjhg@gmail.com", "action_flag": 3, "change_message": ""}}, {"model": "admin.logentry", "pk": 27, "fields": {"action_time": "2025-02-14T11:56:32.844Z", "user": 1, "content_type": 6, "object_id": "3", "object_repr": "test@gmail.com", "action_flag": 3, "change_message": ""}}, {"model": "admin.logentry", "pk": 28, "fields": {"action_time": "2025-02-14T11:57:21.805Z", "user": 1, "content_type": 6, "object_id": "18", "object_repr": "", "action_flag": 1, "change_message": "[{\"added\": {}}]"}}, {"model": "admin.logentry", "pk": 29, "fields": {"action_time": "2025-02-14T11:57:55.274Z", "user": 1, "content_type": 6, "object_id": "18", "object_repr": "sunisys@gmail.com", "action_flag": 2, "change_message": "[{\"changed\": {\"fields\": [\"First name\", \"Last name\", \"Email\", \"Role\"]}}]"}}, {"model": "admin.logentry", "pk": 30, "fields": {"action_time": "2025-02-14T12:00:00.659Z", "user": 1, "content_type": 6, "object_id": "18", "object_repr": "sunisys@gmail.com", "action_flag": 2, "change_message": "[{\"changed\": {\"fields\": [\"Is active\"]}}]"}}, {"model": "admin.logentry", "pk": 31, "fields": {"action_time": "2025-02-14T12:00:06.748Z", "user": 1, "content_type": 6, "object_id": "17", "object_repr": "aurkuch@gmail.com", "action_flag": 2, "change_message": "[{\"changed\": {\"fields\": [\"Is active\"]}}]"}}, {"model": "admin.logentry", "pk": 32, "fields": {"action_time": "2025-02-14T18:10:40.195Z", "user": 1, "content_type": 6, "object_id": "17", "object_repr": "aurkuch@gmail.com", "action_flag": 2, "change_message": "[{\"changed\": {\"fields\": [\"password\"]}}]"}}, {"model": "admin.logentry", "pk": 33, "fields": {"action_time": "2025-02-14T18:10:44.586Z", "user": 1, "content_type": 6, "object_id": "17", "object_repr": "aurkuch@gmail.com", "action_flag": 2, "change_message": "[]"}}, {"model": "admin.logentry", "pk": 34, "fields": {"action_time": "2025-02-15T08:04:36.178Z", "user": 1, "content_type": 6, "object_id": "20", "object_repr": "sanjaykumarsinha108@gmail.com", "action_flag": 3, "change_message": ""}}, {"model": "admin.logentry", "pk": 35, "fields": {"action_time": "2025-02-15T08:04:36.178Z", "user": 1, "content_type": 6, "object_id": "19", "object_repr": "shubhamunisys10@gmail.com", "action_flag": 3, "change_message": ""}}, {"model": "admin.logentry", "pk": 36, "fields": {"action_time": "2025-02-15T08:17:32.026Z", "user": 1, "content_type": 6, "object_id": "21", "object_repr": "shubhamunisys10@gmail.com", "action_flag": 3, "change_message": ""}}, {"model": "admin.logentry", "pk": 37, "fields": {"action_time": "2025-02-15T08:43:51.738Z", "user": 1, "content_type": 6, "object_id": "22", "object_repr": "shubhamunisys10@gmail.com", "action_flag": 3, "change_message": ""}}, {"model": "admin.logentry", "pk": 38, "fields": {"action_time": "2025-02-15T08:49:13.956Z", "user": 1, "content_type": 6, "object_id": "23", "object_repr": "shubhamunisys10@gmail.com", "action_flag": 3, "change_message": ""}}, {"model": "admin.logentry", "pk": 39, "fields": {"action_time": "2025-02-15T11:13:19.047Z", "user": 1, "content_type": 6, "object_id": "26", "object_repr": "gffcvc@gmail.com", "action_flag": 3, "change_message": ""}}, {"model": "admin.logentry", "pk": 40, "fields": {"action_time": "2025-02-15T11:13:19.047Z", "user": 1, "content_type": 6, "object_id": "25", "object_repr": "gffc@gmail.com", "action_flag": 3, "change_message": ""}}, {"model": "admin.logentry", "pk": 41, "fields": {"action_time": "2025-02-15T13:11:17.770Z", "user": 1, "content_type": 6, "object_id": "27", "object_repr": "sanjaykumarsinha108@gmail.com", "action_flag": 3, "change_message": ""}}, {"model": "admin.logentry", "pk": 42, "fields": {"action_time": "2025-02-15T13:44:53.498Z", "user": 1, "content_type": 6, "object_id": "24", "object_repr": "shubhamunisys10@gmail.com", "action_flag": 2, "change_message": "[{\"changed\": {\"fields\": [\"password\"]}}]"}}, {"model": "admin.logentry", "pk": 43, "fields": {"action_time": "2025-02-15T13:44:55.124Z", "user": 1, "content_type": 6, "object_id": "24", "object_repr": "shubhamunisys10@gmail.com", "action_flag": 2, "change_message": "[]"}}, {"model": "admin.logentry", "pk": 44, "fields": {"action_time": "2025-02-16T15:56:24.570Z", "user": 1, "content_type": 8, "object_id": "2", "object_repr": "sanjaykumarsinha108@gmail.com", "action_flag": 2, "change_message": "[{\"changed\": {\"fields\": [\"Is approved\"]}}]"}}, {"model": "admin.logentry", "pk": 45, "fields": {"action_time": "2025-02-16T16:41:39.815Z", "user": 1, "content_type": 8, "object_id": "2", "object_repr": "sanjaykumarsinha108@gmail.com", "action_flag": 2, "change_message": "[{\"changed\": {\"fields\": [\"Is approved\"]}}]"}}, {"model": "admin.logentry", "pk": 46, "fields": {"action_time": "2025-02-16T16:42:02.850Z", "user": 1, "content_type": 8, "object_id": "2", "object_repr": "sanjaykumarsinha108@gmail.com", "action_flag": 2, "change_message": "[{\"changed\": {\"fields\": [\"Is approved\"]}}]"}}, {"model": "admin.logentry", "pk": 47, "fields": {"action_time": "2025-02-16T16:44:29.387Z", "user": 1, "content_type": 8, "object_id": "1", "object_repr": "aurkuch@gmail.com", "action_flag": 2, "change_message": "[{\"changed\": {\"fields\": [\"Is approved\"]}}]"}}, {"model": "admin.logentry", "pk": 48, "fields": {"action_time": "2025-02-17T12:52:28.471Z", "user": 1, "content_type": 7, "object_id": "28", "object_repr": "sanjaykumarsinha108@gmail.com", "action_flag": 2, "change_message": "[{\"changed\": {\"fields\": [\"Profile picture\", \"Cover photo\", \"Address line 1\", \"Address line 2\", \"Country\", \"State\", \"City\", \"Pin code\"]}}]"}}, {"model": "admin.logentry", "pk": 49, "fields": {"action_time": "2025-02-17T13:09:48.615Z", "user": 1, "content_type": 8, "object_id": "2", "object_repr": "Sanjay Restaurant", "action_flag": 2, "change_message": "[{\"changed\": {\"fields\": [\"Vendor name\"]}}]"}}, {"model": "admin.logentry", "pk": 50, "fields": {"action_time": "2025-02-17T13:14:46.368Z", "user": 1, "content_type": 7, "object_id": "28", "object_repr": "sanjaykumarsinha108@gmail.com", "action_flag": 2, "change_message": "[{\"changed\": {\"fields\": [\"Cover photo\"]}}]"}}, {"model": "admin.logentry", "pk": 51, "fields": {"action_time": "2025-02-21T08:35:50.246Z", "user": 1, "content_type": 6, "object_id": "28", "object_repr": "sanjaykumarsinha108@gmail.com", "action_flag": 2, "change_message": "[{\"changed\": {\"fields\": [\"Username\"]}}]"}}, {"model": "admin.logentry", "pk": 52, "fields": {"action_time": "2025-02-21T13:05:31.144Z", "user": 1, "content_type": 9, "object_id": "1", "object_repr": "Burgers", "action_flag": 1, "change_message": "[{\"added\": {}}]"}}, {"model": "admin.logentry", "pk": 53, "fields": {"action_time": "2025-02-21T13:08:42.010Z", "user": 1, "content_type": 9, "object_id": "2", "object_repr": "Pizza", "action_flag": 1, "change_message": "[{\"added\": {}}]"}}, {"model": "admin.logentry", "pk": 54, "fields": {"action_time": "2025-02-21T13:09:00.211Z", "user": 1, "content_type": 9, "object_id": "3", "object_repr": "Sea Food", "action_flag": 1, "change_message": "[{\"added\": {}}]"}}, {"model": "admin.logentry", "pk": 55, "fields": {"action_time": "2025-02-21T13:09:13.010Z", "user": 1, "content_type": 9, "object_id": "4", "object_repr": "Chicken", "action_flag": 1, "change_message": "[{\"added\": {}}]"}}, {"model": "admin.logentry", "pk": 56, "fields": {"action_time": "2025-02-21T13:25:57.797Z", "user": 1, "content_type": 10, "object_id": "1", "object_repr": "Burger one", "action_flag": 1, "change_message": "[{\"added\": {}}]"}}, {"model": "admin.logentry", "pk": 57, "fields": {"action_time": "2025-02-21T13:27:11.817Z", "user": 1, "content_type": 10, "object_id": "2", "object_repr": "Barbique Chicken", "action_flag": 1, "change_message": "[{\"added\": {}}]"}}, {"model": "admin.logentry", "pk": 58, "fields": {"action_time": "2025-02-21T13:27:53.490Z", "user": 1, "content_type": 10, "object_id": "3", "object_repr": "Sea Food one", "action_flag": 1, "change_message": "[{\"added\": {}}]"}}, {"model": "admin.logentry", "pk": 59, "fields": {"action_time": "2025-02-21T13:28:28.708Z", "user": 1, "content_type": 10, "object_id": "4", "object_repr": "Pizza one", "action_flag": 1, "change_message": "[{\"added\": {}}]"}}, {"model": "admin.logentry", "pk": 60, "fields": {"action_time": "2025-02-21T13:28:54.106Z", "user": 1, "content_type": 10, "object_id": "5", "object_repr": "Italian Pizza", "action_flag": 1, "change_message": "[{\"added\": {}}]"}}, {"model": "admin.logentry", "pk": 61, "fields": {"action_time": "2025-02-21T13:29:42.655Z", "user": 1, "content_type": 10, "object_id": "6", "object_repr": "fRIED Chicken", "action_flag": 1, "change_message": "[{\"added\": {}}]"}}, {"model": "admin.logentry", "pk": 62, "fields": {"action_time": "2025-02-21T13:29:55.320Z", "user": 1, "content_type": 10, "object_id": "6", "object_repr": "Fried Chicken", "action_flag": 2, "change_message": "[{\"changed\": {\"fields\": [\"Food title\"]}}]"}}, {"model": "admin.logentry", "pk": 63, "fields": {"action_time": "2025-02-22T09:12:51.876Z", "user": 1, "content_type": 9, "object_id": "3", "object_repr": "Sea Food", "action_flag": 2, "change_message": "[{\"changed\": {\"fields\": [\"Description\"]}}]"}}, {"model": "admin.logentry", "pk": 64, "fields": {"action_time": "2025-02-22T10:02:37.967Z", "user": 1, "content_type": 10, "object_id": "6", "object_repr": "Fried Chicken", "action_flag": 2, "change_message": "[{\"changed\": {\"fields\": [\"Image\"]}}]"}}, {"model": "admin.logentry", "pk": 65, "fields": {"action_time": "2025-02-22T10:04:21.274Z", "user": 1, "content_type": 9, "object_id": "5", "object_repr": "Test Blank cATEGORY", "action_flag": 1, "change_message": "[{\"added\": {}}]"}}, {"model": "admin.logentry", "pk": 66, "fields": {"action_time": "2025-02-22T13:52:59.640Z", "user": 1, "content_type": 9, "object_id": "4", "object_repr": "Chicken", "action_flag": 3, "change_message": ""}}, {"model": "admin.logentry", "pk": 67, "fields": {"action_time": "2025-02-22T13:52:59.640Z", "user": 1, "content_type": 9, "object_id": "2", "object_repr": "Pizza", "action_flag": 3, "change_message": ""}}, {"model": "admin.logentry", "pk": 68, "fields": {"action_time": "2025-03-06T10:54:56.550Z", "user": 1, "content_type": 9, "object_id": "18", "object_repr": "Chicken", "action_flag": 2, "change_message": "[]"}}, {"model": "admin.logentry", "pk": 69, "fields": {"action_time": "2025-03-06T10:55:52.920Z", "user": 1, "content_type": 9, "object_id": "22", "object_repr": "Dgfg", "action_flag": 1, "change_message": "[{\"added\": {}}]"}}, {"model": "admin.logentry", "pk": 70, "fields": {"action_time": "2025-03-07T08:44:11.519Z", "user": 1, "content_type": 6, "object_id": "29", "object_repr": "sk@gmail.com", "action_flag": 2, "change_message": "[{\"changed\": {\"fields\": [\"Is active\"]}}]"}}, {"model": "admin.logentry", "pk": 71, "fields": {"action_time": "2025-03-07T14:25:07.084Z", "user": 1, "content_type": 8, "object_id": "3", "object_repr": "Second Resturant", "action_flag": 2, "change_message": "[{\"changed\": {\"fields\": [\"Is approved\"]}}]"}}, {"model": "admin.logentry", "pk": 72, "fields": {"action_time": "2025-03-07T17:13:53.872Z", "user": 1, "content_type": 7, "object_id": "17", "object_repr": "aurkuch@gmail.com", "action_flag": 2, "change_message": "[{\"changed\": {\"fields\": [\"Profile picture\"]}}]"}}, {"model": "admin.logentry", "pk": 73, "fields": {"action_time": "2025-03-07T17:13:55.352Z", "user": 1, "content_type": 8, "object_id": "1", "object_repr": "aurkuch@gmail.com", "action_flag": 2, "change_message": "[]"}}, {"model": "admin.logentry", "pk": 74, "fields": {"action_time": "2025-03-17T14:21:40.089Z", "user": 1, "content_type": 6, "object_id": "28", "object_repr": "sanjaykumarsinha108@gmail.com", "action_flag": 2, "change_message": "[{\"changed\": {\"fields\": [\"password\"]}}]"}}, {"model": "admin.logentry", "pk": 75, "fields": {"action_time": "2025-03-17T14:25:00.221Z", "user": 1, "content_type": 6, "object_id": "28", "object_repr": "s@gmail.com", "action_flag": 2, "change_message": "[{\"changed\": {\"fields\": [\"Email\"]}}]"}}, {"model": "admin.logentry", "pk": 76, "fields": {"action_time": "2025-03-17T14:32:22.375Z", "user": 1, "content_type": 8, "object_id": "2", "object_repr": "Sanjay Restaurant", "action_flag": 2, "change_message": "[{\"changed\": {\"fields\": [\"Vendor slug\"]}}]"}}, {"model": "admin.logentry", "pk": 77, "fields": {"action_time": "2025-03-17T14:32:33.146Z", "user": 1, "content_type": 8, "object_id": "3", "object_repr": "Second Resturant", "action_flag": 2, "change_message": "[{\"changed\": {\"fields\": [\"Vendor slug\"]}}]"}}, {"model": "admin.logentry", "pk": 78, "fields": {"action_time": "2025-03-17T14:32:57.217Z", "user": 1, "content_type": 8, "object_id": "1", "object_repr": "aurkuch@gmail.com", "action_flag": 2, "change_message": "[{\"changed\": {\"fields\": [\"Vendor slug\"]}}]"}}, {"model": "admin.logentry", "pk": 79, "fields": {"action_time": "2025-03-17T14:46:25.691Z", "user": 1, "content_type": 8, "object_id": "4", "object_repr": "third vendor", "action_flag": 2, "change_message": "[{\"changed\": {\"fields\": [\"Is approved\"]}}]"}}, {"model": "admin.logentry", "pk": 80, "fields": {"action_time": "2025-03-17T14:48:15.521Z", "user": 1, "content_type": 8, "object_id": "4", "object_repr": "third vendor", "action_flag": 3, "change_message": ""}}, {"model": "admin.logentry", "pk": 81, "fields": {"action_time": "2025-04-13T07:19:40.343Z", "user": 1, "content_type": 6, "object_id": "28", "object_repr": "s@gmail.com", "action_flag": 2, "change_message": "[{\"changed\": {\"fields\": [\"password\"]}}]"}}, {"model": "admin.logentry", "pk": 82, "fields": {"action_time": "2025-04-19T07:57:40.157Z", "user": 1, "content_type": 10, "object_id": "12", "object_repr": "mra pizza", "action_flag": 1, "change_message": "[{\"added\": {}}]"}}, {"model": "admin.logentry", "pk": 83, "fields": {"action_time": "2025-04-19T07:58:02.968Z", "user": 1, "content_type": 10, "object_id": "13", "object_repr": "tera pizza", "action_flag": 1, "change_message": "[{\"added\": {}}]"}}, {"model": "admin.logentry", "pk": 84, "fields": {"action_time": "2025-04-19T07:59:25.719Z", "user": 1, "content_type": 10, "object_id": "9", "object_repr": "chicken tanduri", "action_flag": 2, "change_message": "[{\"changed\": {\"fields\": [\"Image\"]}}]"}}, {"model": "admin.logentry", "pk": 85, "fields": {"action_time": "2025-04-19T08:00:05.613Z", "user": 1, "content_type": 10, "object_id": "14", "object_repr": "sea ka khana", "action_flag": 1, "change_message": "[{\"added\": {}}]"}}, {"model": "admin.logentry", "pk": 86, "fields": {"action_time": "2025-04-19T08:07:49.944Z", "user": 1, "content_type": 7, "object_id": "28", "object_repr": "s@gmail.com", "action_flag": 2, "change_message": "[{\"changed\": {\"fields\": [\"Profile picture\"]}}]"}}, {"model": "admin.logentry", "pk": 87, "fields": {"action_time": "2025-04-19T20:26:11.359Z", "user": 1, "content_type": 7, "object_id": "17", "object_repr": "aurkuch@gmail.com", "action_flag": 2, "change_message": "[{\"changed\": {\"fields\": [\"Profile picture\"]}}]"}}, {"model": "admin.logentry", "pk": 88, "fields": {"action_time": "2025-04-19T20:28:51.609Z", "user": 1, "content_type": 11, "object_id": "3", "object_repr": "Cart object (3)", "action_flag": 2, "change_message": "[{\"changed\": {\"fields\": [\"Quantity\"]}}]"}}, {"model": "admin.logentry", "pk": 89, "fields": {"action_time": "2025-04-19T20:29:00.412Z", "user": 1, "content_type": 11, "object_id": "2", "object_repr": "Cart object (2)", "action_flag": 2, "change_message": "[{\"changed\": {\"fields\": [\"Quantity\"]}}]"}}, {"model": "admin.logentry", "pk": 90, "fields": {"action_time": "2025-04-20T12:31:59.480Z", "user": 1, "content_type": 11, "object_id": "3", "object_repr": "Cart object (3)", "action_flag": 2, "change_message": "[{\"changed\": {\"fields\": [\"Quantity\"]}}]"}}, {"model": "admin.logentry", "pk": 91, "fields": {"action_time": "2025-04-20T12:49:03.145Z", "user": 1, "content_type": 11, "object_id": "4", "object_repr": "Cart object (4)", "action_flag": 2, "change_message": "[{\"changed\": {\"fields\": [\"Quantity\"]}}]"}}, {"model": "admin.logentry", "pk": 92, "fields": {"action_time": "2025-04-29T08:22:08.604Z", "user": 1, "content_type": 11, "object_id": "3", "object_repr": "Cart object (3)", "action_flag": 2, "change_message": "[{\"changed\": {\"fields\": [\"Quantity\"]}}]"}}, {"model": "admin.logentry", "pk": 93, "fields": {"action_time": "2025-04-29T08:23:06.697Z", "user": 1, "content_type": 11, "object_id": "4", "object_repr": "Cart object (4)", "action_flag": 2, "change_message": "[{\"changed\": {\"fields\": [\"Quantity\"]}}]"}}, {"model": "admin.logentry", "pk": 94, "fields": {"action_time": "2025-04-29T08:23:11.753Z", "user": 1, "content_type": 11, "object_id": "2", "object_repr": "Cart object (2)", "action_flag": 2, "change_message": "[{\"changed\": {\"fields\": [\"Quantity\"]}}]"}}, {"model": "admin.logentry", "pk": 95, "fields": {"action_time": "2025-04-29T08:23:17.928Z", "user": 1, "content_type": 11, "object_id": "1", "object_repr": "Cart object (1)", "action_flag": 2, "change_message": "[{\"changed\": {\"fields\": [\"Quantity\"]}}]"}}, {"model": "admin.logentry", "pk": 96, "fields": {"action_time": "2025-05-05T07:44:05.621Z", "user": 1, "content_type": 10, "object_id": "11", "object_repr": "fg", "action_flag": 2, "change_message": "[{\"changed\": {\"fields\": [\"Is available\"]}}]"}}, {"model": "admin.logentry", "pk": 97, "fields": {"action_time": "2025-05-15T04:45:24.219Z", "user": 1, "content_type": 12, "object_id": "1", "object_repr": "CGST", "action_flag": 1, "change_message": "[{\"added\": {}}]"}}, {"model": "admin.logentry", "pk": 98, "fields": {"action_time": "2025-05-15T04:45:48.203Z", "user": 1, "content_type": 12, "object_id": "2", "object_repr": "SGST", "action_flag": 1, "change_message": "[{\"added\": {}}]"}}, {"model": "admin.logentry", "pk": 99, "fields": {"action_time": "2025-05-17T06:39:16.668Z", "user": 1, "content_type": 6, "object_id": "31", "object_repr": "bvn@gmail.com", "action_flag": 2, "change_message": "[{\"changed\": {\"fields\": [\"password\"]}}]"}}, {"model": "admin.logentry", "pk": 100, "fields": {"action_time": "2025-05-17T06:40:42.191Z", "user": 1, "content_type": 6, "object_id": "28", "object_repr": "s@gmail.com", "action_flag": 2, "change_message": "[{\"changed\": {\"fields\": [\"password\"]}}]"}}, {"model": "admin.logentry", "pk": 101, "fields": {"action_time": "2025-05-17T06:41:20.072Z", "user": 1, "content_type": 6, "object_id": "31", "object_repr": "ab@gmail.com", "action_flag": 2, "change_message": "[{\"changed\": {\"fields\": [\"Email\"]}}]"}}, {"model": "admin.logentry", "pk": 102, "fields": {"action_time": "2025-05-17T06:41:40.420Z", "user": 1, "content_type": 6, "object_id": "31", "object_repr": "ab@gmail.com", "action_flag": 2, "change_message": "[{\"changed\": {\"fields\": [\"password\"]}}]"}}, {"model": "admin.logentry", "pk": 103, "fields": {"action_time": "2025-05-17T06:41:43.505Z", "user": 1, "content_type": 6, "object_id": "31", "object_repr": "ab@gmail.com", "action_flag": 2, "change_message": "[]"}}, {"model": "admin.logentry", "pk": 104, "fields": {"action_time": "2025-05-17T06:43:03.129Z", "user": 1, "content_type": 6, "object_id": "31", "object_repr": "ab@gmail.com", "action_flag": 2, "change_message": "[{\"changed\": {\"fields\": [\"password\"]}}]"}}, {"model": "admin.logentry", "pk": 105, "fields": {"action_time": "2025-05-17T06:43:09.195Z", "user": 1, "content_type": 6, "object_id": "31", "object_repr": "ab@gmail.com", "action_flag": 2, "change_message": "[{\"changed\": {\"fields\": [\"Is active\"]}}]"}}, {"model": "admin.logentry", "pk": 106, "fields": {"action_time": "2025-05-17T08:44:32.404Z", "user": 1, "content_type": 7, "object_id": "31", "object_repr": "ab@gmail.com", "action_flag": 2, "change_message": "[{\"changed\": {\"fields\": [\"Country\"]}}]"}}, {"model": "admin.logentry", "pk": 107, "fields": {"action_time": "2025-05-17T11:56:15.031Z", "user": 1, "content_type": 6, "object_id": "31", "object_repr": "ab@gmail.com", "action_flag": 2, "change_message": "[{\"changed\": {\"fields\": [\"Phone number\"]}}]"}}, {"model": "admin.logentry", "pk": 108, "fields": {"action_time": "2025-05-17T12:01:16.832Z", "user": 1, "content_type": 6, "object_id": "31", "object_repr": "ab@gmail.com", "action_flag": 2, "change_message": "[{\"changed\": {\"fields\": [\"First name\", \"Last name\"]}}]"}}, {"model": "admin.logentry", "pk": 109, "fields": {"action_time": "2025-05-17T12:36:46.537Z", "user": 1, "content_type": 7, "object_id": "31", "object_repr": "ab@gmail.com", "action_flag": 2, "change_message": "[{\"changed\": {\"fields\": [\"Profile picture\"]}}]"}}, {"model": "admin.logentry", "pk": 110, "fields": {"action_time": "2025-05-27T03:37:12.821Z", "user": 1, "content_type": 7, "object_id": "31", "object_repr": "ab@gmail.com", "action_flag": 2, "change_message": "[{\"changed\": {\"fields\": [\"Address line 1\", \"Address line 2\", \"State\", \"City\", \"Pin code\"]}}]"}}, {"model": "admin.logentry", "pk": 111, "fields": {"action_time": "2025-05-27T04:18:06.289Z", "user": 1, "content_type": 6, "object_id": "32", "object_repr": "apurvalohreh@gmail.com", "action_flag": 3, "change_message": ""}}, {"model": "auth.permission", "pk": 1, "fields": {"name": "Can add log entry", "content_type": 1, "codename": "add_logentry"}}, {"model": "auth.permission", "pk": 2, "fields": {"name": "Can change log entry", "content_type": 1, "codename": "change_logentry"}}, {"model": "auth.permission", "pk": 3, "fields": {"name": "Can delete log entry", "content_type": 1, "codename": "delete_logentry"}}, {"model": "auth.permission", "pk": 4, "fields": {"name": "Can view log entry", "content_type": 1, "codename": "view_logentry"}}, {"model": "auth.permission", "pk": 5, "fields": {"name": "Can add permission", "content_type": 2, "codename": "add_permission"}}, {"model": "auth.permission", "pk": 6, "fields": {"name": "Can change permission", "content_type": 2, "codename": "change_permission"}}, {"model": "auth.permission", "pk": 7, "fields": {"name": "Can delete permission", "content_type": 2, "codename": "delete_permission"}}, {"model": "auth.permission", "pk": 8, "fields": {"name": "Can view permission", "content_type": 2, "codename": "view_permission"}}, {"model": "auth.permission", "pk": 9, "fields": {"name": "Can add group", "content_type": 3, "codename": "add_group"}}, {"model": "auth.permission", "pk": 10, "fields": {"name": "Can change group", "content_type": 3, "codename": "change_group"}}, {"model": "auth.permission", "pk": 11, "fields": {"name": "Can delete group", "content_type": 3, "codename": "delete_group"}}, {"model": "auth.permission", "pk": 12, "fields": {"name": "Can view group", "content_type": 3, "codename": "view_group"}}, {"model": "auth.permission", "pk": 13, "fields": {"name": "Can add content type", "content_type": 4, "codename": "add_contenttype"}}, {"model": "auth.permission", "pk": 14, "fields": {"name": "Can change content type", "content_type": 4, "codename": "change_contenttype"}}, {"model": "auth.permission", "pk": 15, "fields": {"name": "Can delete content type", "content_type": 4, "codename": "delete_contenttype"}}, {"model": "auth.permission", "pk": 16, "fields": {"name": "Can view content type", "content_type": 4, "codename": "view_contenttype"}}, {"model": "auth.permission", "pk": 17, "fields": {"name": "Can add session", "content_type": 5, "codename": "add_session"}}, {"model": "auth.permission", "pk": 18, "fields": {"name": "Can change session", "content_type": 5, "codename": "change_session"}}, {"model": "auth.permission", "pk": 19, "fields": {"name": "Can delete session", "content_type": 5, "codename": "delete_session"}}, {"model": "auth.permission", "pk": 20, "fields": {"name": "Can view session", "content_type": 5, "codename": "view_session"}}, {"model": "auth.permission", "pk": 21, "fields": {"name": "Can add user", "content_type": 6, "codename": "add_user"}}, {"model": "auth.permission", "pk": 22, "fields": {"name": "Can change user", "content_type": 6, "codename": "change_user"}}, {"model": "auth.permission", "pk": 23, "fields": {"name": "Can delete user", "content_type": 6, "codename": "delete_user"}}, {"model": "auth.permission", "pk": 24, "fields": {"name": "Can view user", "content_type": 6, "codename": "view_user"}}, {"model": "auth.permission", "pk": 25, "fields": {"name": "Can add user profile", "content_type": 7, "codename": "add_userprofile"}}, {"model": "auth.permission", "pk": 26, "fields": {"name": "Can change user profile", "content_type": 7, "codename": "change_userprofile"}}, {"model": "auth.permission", "pk": 27, "fields": {"name": "Can delete user profile", "content_type": 7, "codename": "delete_userprofile"}}, {"model": "auth.permission", "pk": 28, "fields": {"name": "Can view user profile", "content_type": 7, "codename": "view_userprofile"}}, {"model": "auth.permission", "pk": 29, "fields": {"name": "Can add vendor", "content_type": 8, "codename": "add_vendor"}}, {"model": "auth.permission", "pk": 30, "fields": {"name": "Can change vendor", "content_type": 8, "codename": "change_vendor"}}, {"model": "auth.permission", "pk": 31, "fields": {"name": "Can delete vendor", "content_type": 8, "codename": "delete_vendor"}}, {"model": "auth.permission", "pk": 32, "fields": {"name": "Can view vendor", "content_type": 8, "codename": "view_vendor"}}, {"model": "auth.permission", "pk": 33, "fields": {"name": "Can add category", "content_type": 9, "codename": "add_category"}}, {"model": "auth.permission", "pk": 34, "fields": {"name": "Can change category", "content_type": 9, "codename": "change_category"}}, {"model": "auth.permission", "pk": 35, "fields": {"name": "Can delete category", "content_type": 9, "codename": "delete_category"}}, {"model": "auth.permission", "pk": 36, "fields": {"name": "Can view category", "content_type": 9, "codename": "view_category"}}, {"model": "auth.permission", "pk": 37, "fields": {"name": "Can add food item", "content_type": 10, "codename": "add_fooditem"}}, {"model": "auth.permission", "pk": 38, "fields": {"name": "Can change food item", "content_type": 10, "codename": "change_fooditem"}}, {"model": "auth.permission", "pk": 39, "fields": {"name": "Can delete food item", "content_type": 10, "codename": "delete_fooditem"}}, {"model": "auth.permission", "pk": 40, "fields": {"name": "Can view food item", "content_type": 10, "codename": "view_fooditem"}}, {"model": "auth.permission", "pk": 41, "fields": {"name": "Can add cart", "content_type": 11, "codename": "add_cart"}}, {"model": "auth.permission", "pk": 42, "fields": {"name": "Can change cart", "content_type": 11, "codename": "change_cart"}}, {"model": "auth.permission", "pk": 43, "fields": {"name": "Can delete cart", "content_type": 11, "codename": "delete_cart"}}, {"model": "auth.permission", "pk": 44, "fields": {"name": "Can view cart", "content_type": 11, "codename": "view_cart"}}, {"model": "auth.permission", "pk": 45, "fields": {"name": "Can add tax", "content_type": 12, "codename": "add_tax"}}, {"model": "auth.permission", "pk": 46, "fields": {"name": "Can change tax", "content_type": 12, "codename": "change_tax"}}, {"model": "auth.permission", "pk": 47, "fields": {"name": "Can delete tax", "content_type": 12, "codename": "delete_tax"}}, {"model": "auth.permission", "pk": 48, "fields": {"name": "Can view tax", "content_type": 12, "codename": "view_tax"}}, {"model": "auth.permission", "pk": 49, "fields": {"name": "Can add payment", "content_type": 13, "codename": "add_payment"}}, {"model": "auth.permission", "pk": 50, "fields": {"name": "Can change payment", "content_type": 13, "codename": "change_payment"}}, {"model": "auth.permission", "pk": 51, "fields": {"name": "Can delete payment", "content_type": 13, "codename": "delete_payment"}}, {"model": "auth.permission", "pk": 52, "fields": {"name": "Can view payment", "content_type": 13, "codename": "view_payment"}}, {"model": "auth.permission", "pk": 53, "fields": {"name": "Can add ordered food", "content_type": 14, "codename": "add_orderedfood"}}, {"model": "auth.permission", "pk": 54, "fields": {"name": "Can change ordered food", "content_type": 14, "codename": "change_orderedfood"}}, {"model": "auth.permission", "pk": 55, "fields": {"name": "Can delete ordered food", "content_type": 14, "codename": "delete_orderedfood"}}, {"model": "auth.permission", "pk": 56, "fields": {"name": "Can view ordered food", "content_type": 14, "codename": "view_orderedfood"}}, {"model": "auth.permission", "pk": 57, "fields": {"name": "Can add order", "content_type": 15, "codename": "add_order"}}, {"model": "auth.permission", "pk": 58, "fields": {"name": "Can change order", "content_type": 15, "codename": "change_order"}}, {"model": "auth.permission", "pk": 59, "fields": {"name": "Can delete order", "content_type": 15, "codename": "delete_order"}}, {"model": "auth.permission", "pk": 60, "fields": {"name": "Can view order", "content_type": 15, "codename": "view_order"}}, {"model": "contenttypes.contenttype", "pk": 1, "fields": {"app_label": "admin", "model": "logentry"}}, {"model": "contenttypes.contenttype", "pk": 2, "fields": {"app_label": "auth", "model": "permission"}}, {"model": "contenttypes.contenttype", "pk": 3, "fields": {"app_label": "auth", "model": "group"}}, {"model": "contenttypes.contenttype", "pk": 4, "fields": {"app_label": "contenttypes", "model": "contenttype"}}, {"model": "contenttypes.contenttype", "pk": 5, "fields": {"app_label": "sessions", "model": "session"}}, {"model": "contenttypes.contenttype", "pk": 6, "fields": {"app_label": "accounts", "model": "user"}}, {"model": "contenttypes.contenttype", "pk": 7, "fields": {"app_label": "accounts", "model": "userprofile"}}, {"model": "contenttypes.contenttype", "pk": 8, "fields": {"app_label": "vendor", "model": "vendor"}}, {"model": "contenttypes.contenttype", "pk": 9, "fields": {"app_label": "menu", "model": "category"}}, {"model": "contenttypes.contenttype", "pk": 10, "fields": {"app_label": "menu", "model": "fooditem"}}, {"model": "contenttypes.contenttype", "pk": 11, "fields": {"app_label": "marketplace", "model": "cart"}}, {"model": "contenttypes.contenttype", "pk": 12, "fields": {"app_label": "marketplace", "model": "tax"}}, {"model": "contenttypes.contenttype", "pk": 13, "fields": {"app_label": "orders", "model": "payment"}}, {"model": "contenttypes.contenttype", "pk": 14, "fields": {"app_label": "orders", "model": "orderedfood"}}, {"model": "contenttypes.contenttype", "pk": 15, "fields": {"app_label": "orders", "model": "order"}}, {"model": "sessions.session", "pk": "3anhdncgi2ak710gpsooj3g8iu3mlbz4", "fields": {"session_data": ".eJxVjMsOwiAQRf-FtSE8OkhduvcbyDAMUjU0Ke3K-O-WpAvd3nPOfYuA21rC1ngJUxIXocXpd4tIT64dpAfW-yxprusyRdkVedAmb3Pi1_Vw_w4KtrLX5pydtykaS6g0KUqQOZN3w8ikwBKpHD2DJw1m1AlpcF21DOD2VHy--_I4XQ:1tk0c9:LB1m6-i2QeMLcm18NYWr_1Ydupq2TZZ3f8eZNkSQRjw", "expire_date": "2025-03-03T12:52:45.125Z"}}, {"model": "sessions.session", "pk": "3v3w0otckbbfbeicgjnzkr0y56vordvw", "fields": {"session_data": ".eJxVjMsOwiAQRf-FtSE8OkhduvcbyDAMUjU0Ke3K-O-WpAvd3nPOfYuA21rC1ngJUxIXocXpd4tIT64dpAfW-yxprusyRdkVedAmb3Pi1_Vw_w4KtrLX5pydtykaS6g0KUqQOZN3w8ikwBKpHD2DJw1m1AlpcF21DOD2VHy--_I4XQ:1tlpwN:hyalW9tlr1PQjneY3HUgzHlsAMap26CAtKXDlLSYyhE", "expire_date": "2025-03-08T13:53:11.671Z"}}, {"model": "sessions.session", "pk": "55o5layozlcomzejaiiis6f0wrmukpu1", "fields": {"session_data": ".eJxVjMsOwiAQRf-FtSE8OkhduvcbyDAMUjU0Ke3K-O-WpAvd3nPOfYuA21rC1ngJUxIXocXpd4tIT64dpAfW-yxprusyRdkVedAmb3Pi1_Vw_w4KtrLX5pydtykaS6g0KUqQOZN3w8ikwBKpHD2DJw1m1AlpcF21DOD2VHy--_I4XQ:1u3uN3:RNBtH0gXnpXO5u9-XDgT3DHOsE5fnpFgO7RqkEjY6RU", "expire_date": "2025-04-27T10:15:25.367Z"}}, {"model": "sessions.session", "pk": "7gc4de4tdnp9sjqy3jj6m9ot0qrtz1cq", "fields": {"session_data": ".eJxVjMsOwiAQRf-FtSE8OkhduvcbyDAMUjU0Ke3K-O-WpAvd3nPOfYuA21rC1ngJUxIXocXpd4tIT64dpAfW-yxprusyRdkVedAmb3Pi1_Vw_w4KtrLX5pydtykaS6g0KUqQOZN3w8ikwBKpHD2DJw1m1AlpcF21DOD2VHy--_I4XQ:1u3uK0:RJAsC0y0Nm5--N4kOEGScBlvCZJbiIGYfW-kcjGTS7I", "expire_date": "2025-04-27T10:12:16.400Z"}}, {"model": "sessions.session", "pk": "8y7dtntj74jpkxbup99fk4jrtjt7imka", "fields": {"session_data": ".eJxVjMsOwiAQRf-FtSE8OkhduvcbyDAMUjU0Ke3K-O-WpAvd3nPOfYuA21rC1ngJUxIXocXpd4tIT64dpAfW-yxprusyRdkVedAmb3Pi1_Vw_w4KtrLX5pydtykaS6g0KUqQOZN3w8ikwBKpHD2DJw1m1AlpcF21DOD2VHy--_I4XQ:1tuBlH:muIREU6vjBpNencSeiyaYiV-eg_4GdX0uYjkV-_86S0", "expire_date": "2025-03-31T14:48:15.622Z"}}, {"model": "sessions.session", "pk": "nwnz4kjfti02m4gey4jymrh3vaf70sfw", "fields": {"session_data": ".eJxVjEEOwiAQRe_C2hBg6gAu3XsGMsAgVUOT0q6Md7dNutDtf-_9twi0LjWsnecwZnERAOL0O0ZKT247yQ9q90mmqS3zGOWuyIN2eZsyv66H-3dQqdetLlpjtKi8cUUlA4UsxCHDWWeFg4noS3aFDbqkUCOzdR6M94g6bSaJzxfvYDdY:1uJlnh:YFUiWoR6YzMpAdbopdTt5qMv_cduggZW-gDKURccggw", "expire_date": "2025-06-10T04:20:29.626Z"}}, {"model": "sessions.session", "pk": "odtzw59pz33hrbhgemcs8vchyesounr6", "fields": {"session_data": ".eJxVjMsOwiAQRf-FtSE8OkhduvcbyDAMUjU0Ke3K-O-WpAvd3nPOfYuA21rC1ngJUxIXocXpd4tIT64dpAfW-yxprusyRdkVedAmb3Pi1_Vw_w4KtrLX5pydtykaS6g0KUqQOZN3w8ikwBKpHD2DJw1m1AlpcF21DOD2VHy--_I4XQ:1tjIo3:j2lM4mgfmGJRyn-AMIktlp4pcfnkQxQ9QKRjGcjlHIg", "expire_date": "2025-03-01T14:06:07.902Z"}}, {"model": "sessions.session", "pk": "p3c2h8n5ovg1a4emq6ticp0h8hudar79", "fields": {"session_data": ".eJxVjEEOwiAQAP_C2ZCywFI8evcNzbJQqRpISnsy_l1JetDrzGReYqJ9y9Pe0jotUZwFjOL0CwPxI5Vu4p3KrUquZVuXIHsiD9vktcb0vBzt3yBTy_3ryRANNqagQM-MBgcGBAdJOa_YuhGMJ2uQUTuN-I3nyJpADzYEL94f84s3Zg:1tuC0n:sjlf39V8quw1yUC4iek0m71P798VZneZTqouoHpcWWE", "expire_date": "2025-03-31T15:04:17.149Z"}}, {"model": "sessions.session", "pk": "p6zwtm5f8jyd15mvhgdpl7lf2osirus7", "fields": {"session_data": ".eJxVjMsOwiAQRf-FtSE8OkhduvcbyDAMUjU0Ke3K-O-WpAvd3nPOfYuA21rC1ngJUxIXocXpd4tIT64dpAfW-yxprusyRdkVedAmb3Pi1_Vw_w4KtrLX5pydtykaS6g0KUqQOZN3w8ikwBKpHD2DJw1m1AlpcF21DOD2VHy--_I4XQ:1tjITo:W7sMkIJnS3JVprAgFdC8NpIU7wU4-KTyzV3JiAz499I", "expire_date": "2025-03-01T13:45:12.621Z"}}, {"model": "sessions.session", "pk": "r5bfdvf2ntb60pbvtmuppyr2lbcjo9s2", "fields": {"session_data": ".eJxVjMsOwiAQRf-FtSE8OkhduvcbyDAMUjU0Ke3K-O-WpAvd3nPOfYuA21rC1ngJUxIXocXpd4tIT64dpAfW-yxprusyRdkVedAmb3Pi1_Vw_w4KtrLX5pydtykaS6g0KUqQOZN3w8ikwBKpHD2DJw1m1AlpcF21DOD2VHy--_I4XQ:1tjZhW:IpjMjYv_ZgINVRznv2nN6WupnD2Emn2eDhqHLpvYqHo", "expire_date": "2025-03-02T08:08:30.904Z"}}, {"model": "sessions.session", "pk": "rv9r25ptj38daswtgkkgzuq6x2iq1s2w", "fields": {"session_data": ".eJxVjMsOwiAQRf-FtSE8OkhduvcbyDAMUjU0Ke3K-O-WpAvd3nPOfYuA21rC1ngJUxIXocXpd4tIT64dpAfW-yxprusyRdkVedAmb3Pi1_Vw_w4KtrLX5pydtykaS6g0KUqQOZN3w8ikwBKpHD2DJw1m1AlpcF21DOD2VHy--_I4XQ:1u52Ca:3mFCs9B1eXRVpXfNhrcrhJkrE-tPr7pL6Foh0jFBwGI", "expire_date": "2025-04-30T12:49:16.752Z"}}, {"model": "sessions.session", "pk": "t18x3gjje1hcb737jvs6ux6gwc9vwl5v", "fields": {"session_data": "eyJ1aWQiOiIyOCJ9:1tsmMW:cNxSHGxFyw0UJcMb3DPifOACB6bflXb2pda7-aKkTmM", "expire_date": "2025-03-27T17:28:52.800Z"}}, {"model": "sessions.session", "pk": "uk3zvrcbmo65u5c7uvhtn6l9nkmuxsm4", "fields": {"session_data": ".eJxVjMsOwiAQRf-FtSE8OkhduvcbyDAMUjU0Ke3K-O-WpAvd3nPOfYuA21rC1ngJUxIXocXpd4tIT64dpAfW-yxprusyRdkVedAmb3Pi1_Vw_w4KtrLX5pydtykaS6g0KUqQOZN3w8ikwBKpHD2DJw1m1AlpcF21DOD2VHy--_I4XQ:1uJllO:q-CSXxPgrDPWt5t_9v-SbwNJ2dwJ_9InQJbba2LAXGM", "expire_date": "2025-06-10T04:18:06.527Z"}}, {"model": "sessions.session", "pk": "yjduqcnjscqj8gvdy8u9dw9jeh14wyyy", "fields": {"session_data": ".eJxVjDsOwjAQBe_iGlmON_5R0ucM1tq7JgEUS3FSIe5OIqWA9s3Me4uI2zrGrfESJxJXoYO4_I4J85Png9AD53uVuc7rMiV5KPKkTQ6V-HU73b-DEdu412hTAU42kAEH4B0aw7nTPRUwkJn60DmFyMVZraCoHKwGv1fK20xGfL4TBzgT:1u6Dm0:yxXFKVO9xdcR6UuQvkztB2UWfZuIDQiSpHzQkJcwpag", "expire_date": "2025-05-03T19:22:44.394Z"}}, {"model": "accounts.user", "pk": 1, "fields": {"password": "pbkdf2_sha256$870000$vas3HmDgIQn1cBdg8wGe37$1YMCxCPcosBw7Ii2siFVzG+ITOvF7ri4ia0TKScNuwU=", "first_name": "shubham", "last_name": "kumar", "username": "djangoadmin", "email": "shubhamkumar283082@gmail.com", "phone_number": "", "role": null, "date_joined": "2025-02-11T18:57:26.817Z", "last_login": "2025-05-27T03:22:28.581Z", "created_date": "2025-02-11T18:57:26.818Z", "modified_date": "2025-02-11T18:57:26.826Z", "is_admin": true, "is_staff": true, "is_active": true, "is_superadmin": true}}, {"model": "accounts.user", "pk": 17, "fields": {"password": "pbkdf2_sha256$870000$udnmQFdE6dNk4oPtrA4yz3$QcE7MiW9ClvQOcLpP9LEjeNshf6dwSUtjCydTTSbpeQ=", "first_name": "bf,cb", "last_name": "v ncv", "username": "aurkuch@gmail.com", "email": "aurkuch@gmail.com", "phone_number": "", "role": 1, "date_joined": "2025-02-14T08:49:16.698Z", "last_login": "2025-02-14T18:30:41.145Z", "created_date": "2025-02-14T08:49:16.698Z", "modified_date": "2025-02-14T18:10:44.583Z", "is_admin": false, "is_staff": false, "is_active": true, "is_superadmin": false}}, {"model": "accounts.user", "pk": 18, "fields": {"password": "pbkdf2_sha256$870000$swzQwopXchtmGAEycXPsgK$DYNjXX8GYP39RVLzTtRztwnaMEzjtxy5YkObXrvswb4=", "first_name": "Shub", "last_name": "kumar", "username": "shub_customer", "email": "sunisys@gmail.com", "phone_number": "", "role": 2, "date_joined": "2025-02-14T11:57:21.800Z", "last_login": "2025-02-14T12:31:05.336Z", "created_date": "2025-02-14T11:57:21.800Z", "modified_date": "2025-02-14T12:00:00.654Z", "is_admin": false, "is_staff": false, "is_active": true, "is_superadmin": false}}, {"model": "accounts.user", "pk": 24, "fields": {"password": "pbkdf2_sha256$870000$HgzuO9Ch0y1IClh22pUiPj$twgqSBC059836b7FXlVYa+to5aeaV4NawyFrgPyjRgI=", "first_name": "shubhamunisys10@gmail.com", "last_name": "shubhamunisys10@gmail.com", "username": "shubhamunisys10@gmail.com", "email": "shubhamunisys10@gmail.com", "phone_number": "", "role": 2, "date_joined": "2025-02-15T08:50:05.403Z", "last_login": "2025-02-21T11:35:19.826Z", "created_date": "2025-02-15T08:50:05.403Z", "modified_date": "2025-02-15T13:44:55.122Z", "is_admin": false, "is_staff": false, "is_active": true, "is_superadmin": false}}, {"model": "accounts.user", "pk": 28, "fields": {"password": "pbkdf2_sha256$870000$46fTXyi1Sb6auN8k0JJhLZ$+E4mM0F4qJ/30idkbNn+t8Gm3w2y0jzbJG4v4/rFhzQ=", "first_name": "fkjkds", "last_name": "fdhgfh", "username": "sanjay kumar", "email": "s@gmail.com", "phone_number": "", "role": 1, "date_joined": "2025-02-15T13:13:53.626Z", "last_login": "2025-05-27T07:45:21.193Z", "created_date": "2025-02-15T13:13:53.626Z", "modified_date": "2025-05-17T06:40:42.177Z", "is_admin": false, "is_staff": false, "is_active": true, "is_superadmin": false}}, {"model": "accounts.user", "pk": 29, "fields": {"password": "pbkdf2_sha256$870000$095MDpwtZPfHEo2rvaTKEN$Tvuj6FmNlpuQKoxg7no/DikuQ2zjl8x4pFJS6+VnKXo=", "first_name": "Second", "last_name": "Resturant", "username": "shubham2830", "email": "sk@gmail.com", "phone_number": "", "role": 1, "date_joined": "2025-03-07T08:43:33.848Z", "last_login": "2025-04-19T19:48:55.371Z", "created_date": "2025-03-07T08:43:33.848Z", "modified_date": "2025-03-07T08:44:11.515Z", "is_admin": false, "is_staff": false, "is_active": true, "is_superadmin": false}}, {"model": "accounts.user", "pk": 30, "fields": {"password": "pbkdf2_sha256$870000$EkTI6iddQukNsP7tzjROmY$yd6o6nP5ktCej9GR6vjZQlTGP8u0uVjnOH0rMRFcVDk=", "first_name": "test", "last_name": "sddsf", "username": "thirdvendor", "email": "t@gmail.com", "phone_number": "", "role": 1, "date_joined": "2025-03-17T14:45:49.622Z", "last_login": "2025-03-17T14:45:49.622Z", "created_date": "2025-03-17T14:45:49.622Z", "modified_date": "2025-03-17T14:45:49.656Z", "is_admin": false, "is_staff": false, "is_active": false, "is_superadmin": false}}, {"model": "accounts.user", "pk": 31, "fields": {"password": "pbkdf2_sha256$870000$x38hZlisl47khFf5ZjeiGQ$YaxXpndXoZ/JxwryrSJnlRHDq8RMuDyMXojUZj9lKso=", "first_name": "sudhanshu", "last_name": "kumar", "username": "bvmn", "email": "ab@gmail.com", "phone_number": "7903375895", "role": 2, "date_joined": "2025-04-14T10:56:17.084Z", "last_login": "2025-05-27T07:45:28.173Z", "created_date": "2025-04-14T10:56:17.084Z", "modified_date": "2025-05-17T12:45:16.578Z", "is_admin": false, "is_staff": false, "is_active": true, "is_superadmin": false}}, {"model": "accounts.user", "pk": 33, "fields": {"password": "pbkdf2_sha256$870000$PotS7k8aFMbWmLAsuEVnx3$2PtrD9vTxsfmiEJ28jpzyEwPd3jjPlsaQXesfmTvNgc=", "first_name": "Apurva", "last_name": "Lohreh", "username": "apurva", "email": "apurvalohreh@gmail.com", "phone_number": "", "role": 1, "date_joined": "2025-05-27T04:20:00.171Z", "last_login": "2025-05-27T04:20:20.966Z", "created_date": "2025-05-27T04:20:00.171Z", "modified_date": "2025-05-27T04:20:00.192Z", "is_admin": false, "is_staff": false, "is_active": true, "is_superadmin": false}}, {"model": "accounts.userprofile", "pk": 1, "fields": {"user": 1, "profile_picture": "users/profile-pictures/aisabse.jpg", "cover_photo": "users/cover_photos/aisabse.jpg", "address_line_1": null, "address_line_2": null, "country": null, "state": null, "city": null, "pin_code": null, "latitude": null, "longitude": null, "created_at": "2025-02-11T19:28:56.990Z", "modified_at": "2025-02-11T19:39:37.833Z"}}, {"model": "accounts.userprofile", "pk": 17, "fields": {"user": 17, "profile_picture": "users/profile-pictures/tuna-fish.jpg", "cover_photo": "", "address_line_1": null, "address_line_2": null, "country": null, "state": null, "city": null, "pin_code": null, "latitude": null, "longitude": null, "created_at": "2025-02-14T08:49:16.707Z", "modified_at": "2025-04-19T20:26:11.356Z"}}, {"model": "accounts.userprofile", "pk": 18, "fields": {"user": 18, "profile_picture": "", "cover_photo": "", "address_line_1": null, "address_line_2": null, "country": null, "state": null, "city": null, "pin_code": null, "latitude": null, "longitude": null, "created_at": "2025-02-14T11:57:21.804Z", "modified_at": "2025-02-14T11:57:21.804Z"}}, {"model": "accounts.userprofile", "pk": 24, "fields": {"user": 24, "profile_picture": "", "cover_photo": "", "address_line_1": null, "address_line_2": null, "country": null, "state": null, "city": null, "pin_code": null, "latitude": null, "longitude": null, "created_at": "2025-02-15T08:50:05.408Z", "modified_at": "2025-02-15T08:50:05.408Z"}}, {"model": "accounts.userprofile", "pk": 28, "fields": {"user": 28, "profile_picture": "users/profile-pictures/chefji.jpg", "cover_photo": "users/cover_photos/pizza-600x600.jpg", "address_line_1": "test address,lane", "address_line_2": "test address 1234", "country": "india", "state": "MH", "city": "Mumbai", "pin_code": "12345", "latitude": "1.02324", "longitude": "1.3345", "created_at": "2025-02-15T13:13:53.634Z", "modified_at": "2025-04-19T08:07:49.943Z"}}, {"model": "accounts.userprofile", "pk": 29, "fields": {"user": 29, "profile_picture": "", "cover_photo": "", "address_line_1": null, "address_line_2": null, "country": null, "state": null, "city": null, "pin_code": null, "latitude": null, "longitude": null, "created_at": "2025-03-07T08:43:33.871Z", "modified_at": "2025-03-07T08:43:33.871Z"}}, {"model": "accounts.userprofile", "pk": 30, "fields": {"user": 30, "profile_picture": "", "cover_photo": "", "address_line_1": null, "address_line_2": null, "country": null, "state": null, "city": null, "pin_code": null, "latitude": null, "longitude": null, "created_at": "2025-03-17T14:45:49.639Z", "modified_at": "2025-03-17T14:45:49.639Z"}}, {"model": "accounts.userprofile", "pk": 31, "fields": {"user": 31, "profile_picture": "users/profile-pictures/cover-photo-1.PNG", "cover_photo": "users/cover_photos/WhatsApp_Image_2020-07-28_at_23.56.28.jpeg", "address_line_1": "railway", "address_line_2": "colony", "country": "india", "state": "jharkhand", "city": "Koderma", "pin_code": "825409", "latitude": null, "longitude": null, "created_at": "2025-04-14T10:56:17.098Z", "modified_at": "2025-05-27T03:37:12.819Z"}}, {"model": "accounts.userprofile", "pk": 33, "fields": {"user": 33, "profile_picture": "", "cover_photo": "", "address_line_1": null, "address_line_2": null, "country": null, "state": null, "city": null, "pin_code": null, "latitude": null, "longitude": null, "created_at": "2025-05-27T04:20:00.184Z", "modified_at": "2025-05-27T04:20:00.184Z"}}, {"model": "vendor.vendor", "pk": 1, "fields": {"user": 17, "user_profile": 17, "vendor_name": "aurkuch@gmail.com", "vendor_slug": "aurkuch-gmail-com", "vendor_license": "vendor/license/abc.jpg", "is_approved": true, "created_at": "2025-02-14T08:49:16.737Z", "modified_at": "2025-03-17T14:32:57.215Z"}}, {"model": "vendor.vendor", "pk": 2, "fields": {"user": 28, "user_profile": 28, "vendor_name": "Sanjay Restaurant", "vendor_slug": "Sanjay-Restaurant", "vendor_license": "vendor/license/pizza-600x600.jpg", "is_approved": true, "created_at": "2025-02-15T13:13:53.651Z", "modified_at": "2025-03-17T14:32:22.373Z"}}, {"model": "vendor.vendor", "pk": 3, "fields": {"user": 29, "user_profile": 29, "vendor_name": "Second Resturant", "vendor_slug": "Second-Resturant", "vendor_license": "vendor/license/abc_fOxd2cD.jpg", "is_approved": true, "created_at": "2025-03-07T08:43:33.900Z", "modified_at": "2025-03-17T14:32:33.144Z"}}, {"model": "vendor.vendor", "pk": 6, "fields": {"user": 33, "user_profile": 33, "vendor_name": "Apurva resturant", "vendor_slug": "apurva-resturant-33", "vendor_license": "vendor/license/chefji_GSksSXK.jpg", "is_approved": true, "created_at": "2025-05-27T04:20:00.196Z", "modified_at": "2025-05-27T04:20:00.196Z"}}, {"model": "menu.category", "pk": 3, "fields": {"vendor": 2, "category_name": "Sea Food", "slug": "sea-food", "description": "Test sea food", "created_at": "2025-02-21T13:09:00.210Z", "updated_at": "2025-02-22T09:12:51.874Z"}}, {"model": "menu.category", "pk": 18, "fields": {"vendor": 2, "category_name": "Chicken", "slug": "chicken-1", "description": "", "created_at": "2025-02-22T13:45:43.295Z", "updated_at": "2025-03-06T10:54:56.548Z"}}, {"model": "menu.category", "pk": 21, "fields": {"vendor": 2, "category_name": "Pizza", "slug": "pizza", "description": "", "created_at": "2025-03-06T10:14:12.599Z", "updated_at": "2025-03-06T10:14:12.600Z"}}, {"model": "menu.category", "pk": 23, "fields": {"vendor": 3, "category_name": "Vendor2 cat", "slug": "vendor2-cat", "description": "v.fkvdf", "created_at": "2025-03-07T14:10:13.714Z", "updated_at": "2025-03-07T14:10:13.714Z"}}, {"model": "menu.category", "pk": 24, "fields": {"vendor": 3, "category_name": "Category 123", "slug": "category-123", "description": "", "created_at": "2025-03-07T14:16:37.402Z", "updated_at": "2025-03-07T14:16:37.402Z"}}, {"model": "menu.fooditem", "pk": 9, "fields": {"vendor": 2, "category": 18, "food_title": "chicken tanduri", "slug": "chicken-tanduri", "description": "bgcbn", "price": "43.00", "image": "foodimages/chicken-600x600_sgq8kA5.jpg", "is_available": true, "created_at": "2025-03-07T08:26:43.464Z", "updated_at": "2025-04-19T07:59:25.718Z"}}, {"model": "menu.fooditem", "pk": 10, "fields": {"vendor": 2, "category": 18, "food_title": "chicken rajma", "slug": "chicken-rajma", "description": "cxvx", "price": "34.00", "image": "foodimages/Screenshot_2024-08-06_at_1_CHgJbB8.41.59PM.png", "is_available": false, "created_at": "2025-03-07T08:38:52.693Z", "updated_at": "2025-03-07T08:38:52.693Z"}}, {"model": "menu.fooditem", "pk": 11, "fields": {"vendor": 3, "category": 23, "food_title": "fg", "slug": "fg", "description": "hgjhgm", "price": "12.00", "image": "foodimages/9ad6dd53-2ec9-4dc2-a9ae-5924e8316a01.jpeg", "is_available": true, "created_at": "2025-04-13T07:15:27.904Z", "updated_at": "2025-05-05T07:44:05.604Z"}}, {"model": "menu.fooditem", "pk": 12, "fields": {"vendor": 2, "category": 21, "food_title": "mra pizza", "slug": "mra-pizza", "description": "bxdfmvbx", "price": "23.00", "image": "foodimages/cover-photo-4.PNG", "is_available": true, "created_at": "2025-04-19T07:57:40.134Z", "updated_at": "2025-04-19T07:57:40.134Z"}}, {"model": "menu.fooditem", "pk": 13, "fields": {"vendor": 2, "category": 21, "food_title": "tera pizza", "slug": "tera-pizza", "description": "gsdg", "price": "34.00", "image": "foodimages/italian-pizza-600x600_BkEdhyn.jpg", "is_available": true, "created_at": "2025-04-19T07:58:02.966Z", "updated_at": "2025-04-19T07:58:02.966Z"}}, {"model": "menu.fooditem", "pk": 14, "fields": {"vendor": 2, "category": 3, "food_title": "sea ka khana", "slug": "sea-ka-khana", "description": "xcbxbf", "price": "100.00", "image": "foodimages/seafood-600x600_aLh2jYY.jpg", "is_available": true, "created_at": "2025-04-19T08:00:05.611Z", "updated_at": "2025-04-19T08:00:05.611Z"}}, {"model": "marketplace.cart", "pk": 65, "fields": {"user": 28, "fooditem": 14, "quantity": 6, "created_at": "2025-05-12T10:46:19.680Z", "updated_at": "2025-05-17T06:32:01.460Z"}}, {"model": "marketplace.cart", "pk": 68, "fields": {"user": 1, "fooditem": 14, "quantity": 4, "created_at": "2025-05-17T05:54:03.385Z", "updated_at": "2025-05-17T06:29:11.814Z"}}, {"model": "marketplace.cart", "pk": 69, "fields": {"user": 1, "fooditem": 12, "quantity": 1, "created_at": "2025-05-17T05:54:04.594Z", "updated_at": "2025-05-17T05:54:04.594Z"}}, {"model": "marketplace.cart", "pk": 70, "fields": {"user": 31, "fooditem": 14, "quantity": 2, "created_at": "2025-05-22T13:52:42.279Z", "updated_at": "2025-05-22T13:52:42.705Z"}}, {"model": "marketplace.cart", "pk": 71, "fields": {"user": 31, "fooditem": 12, "quantity": 1, "created_at": "2025-05-22T13:52:43.495Z", "updated_at": "2025-05-22T13:52:43.495Z"}}, {"model": "marketplace.cart", "pk": 72, "fields": {"user": 31, "fooditem": 9, "quantity": 1, "created_at": "2025-05-23T08:19:21.267Z", "updated_at": "2025-05-23T08:19:21.267Z"}}, {"model": "marketplace.cart", "pk": 73, "fields": {"user": 31, "fooditem": 13, "quantity": 1, "created_at": "2025-05-23T08:19:22.312Z", "updated_at": "2025-05-23T08:19:22.312Z"}}, {"model": "marketplace.cart", "pk": 74, "fields": {"user": 28, "fooditem": 12, "quantity": 3, "created_at": "2025-05-27T07:35:57.788Z", "updated_at": "2025-05-27T07:35:58.312Z"}}, {"model": "marketplace.cart", "pk": 75, "fields": {"user": 28, "fooditem": 13, "quantity": 2, "created_at": "2025-05-27T07:36:00.321Z", "updated_at": "2025-05-27T07:36:00.526Z"}}, {"model": "marketplace.cart", "pk": 76, "fields": {"user": 28, "fooditem": 9, "quantity": 2, "created_at": "2025-05-27T07:36:01.822Z", "updated_at": "2025-05-27T07:36:02.043Z"}}, {"model": "marketplace.tax", "pk": 1, "fields": {"tax_type": "CGST", "tax_percentage": "9.00", "is_active": true}}, {"model": "marketplace.tax", "pk": 2, "fields": {"tax_type": "SGST", "tax_percentage": "5.00", "is_active": true}}]